shift,explainer,nu,rho_null,rho_seed,omega,delta,delta_lo,delta_hi,ratio,ratio_lo,ratio_hi,ratio_seed,uec,uec_lo,uec_hi,exceedance,preserved,n_seeds
concept,EG,0.15408841835139803,0.1557400426653907,0.19197200024073144,0.11254971702190528,0.06480174908135046,0.06079032688781949,0.06862497933217332,0.4160891956385152,0.38818772488903364,0.44485847098078307,0.337462733712215,-0.20386389775446018,-0.2103585968861484,-0.19745163609143157,0.0,0.6474,10
concept,Grad$\times$Input,0.0,0.026021515758681234,0.1792651822472548,0.11254971702190528,0.05911959158122966,0.056171303196470894,0.06196401770800124,2.271950340229751,2.059063973444856,2.508153943873008,0.33053064741295163,-0.07945164119935687,-0.08465312351778821,-0.07444125775990762,0.8752925620879075,0.6474,10
concept,IG,0.0,0.02782312703464005,0.12222673764785663,0.11254971702190528,0.06143273539905856,0.05748434975065965,0.06515776438247942,2.2079737954175402,1.972715645107963,2.474158994309513,0.5055102079930452,-0.07894010865748677,-0.08529654728355918,-0.0727953610287769,0.9041794389611268,0.6474,10
concept,KernelSHAP,0.06924454973256615,0.02916039735115481,0.11396666821546023,0.11309683426037424,0.06661581601534186,0.06222979381472892,0.0708141462435712,2.2844618752324286,2.023009398900687,2.579739679094861,0.5862105753024889,-0.11572556797759855,-0.12531570727877464,-0.10614930095518743,0.06645523831121596,0.6300000000000001,10
concept,LIME,0.055074082416012936,0.03053118358488411,0.06835078773430742,0.11309683426037424,0.07193388596591195,0.06574105717908071,0.07801968568976754,2.356079179371421,2.035609289005785,2.757710027952128,1.0772674023618998,-0.09623703071047526,-0.107452242625483,-0.08502370927361275,0.5756883741258741,0.6300000000000001,10
concept,Saliency,0.0,0.02545575148632882,0.1793810621785899,0.11254971702190528,0.060889279654558606,0.05776447804511509,0.0638578530986618,2.391965512676363,2.1785681551025653,2.6276799334876353,0.34026856645998554,-0.07711618885367548,-0.08248195790125055,-0.07201311038139056,0.9882670039590027,0.6474,10
concept,SmoothGrad,0.015397918390187754,0.02553865915164192,0.17734811645172766,0.11254971702190528,0.0610870658127694,0.05793564798164809,0.06409357172421781,2.391944911831521,2.1786027690768863,2.6286941855954415,0.3452601766887962,-0.0770013103607778,-0.08240462188077877,-0.07185655076078093,0.9867848096860982,0.6474,10
covariate,EG,0.13550786436611945,0.13795726289851343,0.18080903364306927,0.0,0.14120367619472812,0.1389717057483055,0.14376481421738602,1.0235320216421144,1.0171520244454646,1.0295892079295528,0.782631687611014,0.0031169082245077113,0.0023088520428565604,0.0038849148508725497,0.056078319647233886,0.7948000000000001,10
covariate,Grad$\times$Input,0.0,0.02503521843044289,0.19497953850349067,0.0,0.04185747484849409,0.03840537296853701,0.045492214898688633,1.6719436646734145,1.4932749499192313,1.8723263031527444,0.21529717157260148,0.016822256418051205,0.013367617951374072,0.020351096526824694,0.5742373890147902,0.7948000000000001,10
covariate,IG,0.0,0.026156691425631946,0.1284935489218098,0.0,0.03978634436552832,0.03590374337824279,0.0436266801183083,1.5210771010029254,1.3559724762419891,1.7057241814510837,0.31123427110761454,0.013629652939896372,0.00991106965618557,0.017395742692838247,0.5673837301479829,0.7948000000000001,10
covariate,KernelSHAP,0.072975631707994,0.027621952412970795,0.1161223139781326,0.0,0.03878840886597709,0.03574741040616068,0.04206070857998768,1.4042602161519444,1.27460467043564,1.555622755753227,0.33539038585272213,-0.034187222842016904,-0.03838548959278295,-0.02980614181903856,0.0,0.7620000000000001,10
covariate,LIME,0.05634892525630406,0.030323206806633207,0.06990733110846876,0.0,0.03794680029007087,0.03462797808514135,0.04127059123159146,1.2514111891942117,1.1443294707369727,1.3751878663649024,0.5565693961207328,-0.01840212496623319,-0.02160927715167793,-0.015081800756148478,0.0,0.7620000000000001,10
covariate,Saliency,0.0,0.025209990144353867,0.20193438088086121,0.0,0.043604922682928524,0.03997780242260608,0.047232418369825536,1.7296683748483916,1.5826522475538682,1.895265962259268,0.21643984642930514,0.018394932538574656,0.01535712349930723,0.021562106279897093,0.7489592051710399,0.7948000000000001,10
covariate,SmoothGrad,0.015748185011690834,0.02526993516683932,0.19982800733615194,0.0,0.04363241186861732,0.040006896006160204,0.047268442539386314,1.7266530990500644,1.5785852787006995,1.8938806918930833,0.21885098433173056,0.018362476701778003,0.015287938393542325,0.021566488445921034,0.7188408777243848,0.7948000000000001,10
none,EG,0.15672136129145123,0.15884686029824485,0.19479463801589603,0.0,0.1588684802885159,0.1552129046269147,0.1625629696194915,1.0001361058709657,0.9933143805037211,1.0069335686831704,0.816026803563479,-0.00037385765425473894,-0.0012547161553241395,0.0003750795560919692,0.054745516124172035,0.9512,10
none,Grad$\times$Input,0.0,0.026486002758382126,0.18266288113745455,0.0,0.02717407676332727,0.024151129481843857,0.030143881490992744,1.025978778724071,0.895715025417847,1.1785981399757177,0.1487181758314393,0.000688074004945146,-0.002909721336505566,0.004500028911778672,0.16520021087143238,0.9512,10
none,IG,0.0,0.028187109990117604,0.12374617598019907,0.0,0.02909781533290498,0.02571505411735525,0.032445711500878306,1.0323092840346764,0.8929624359315244,1.1931924668788645,0.23775245631629174,0.0009107053427873733,-0.0032093978146544894,0.005160630651853327,0.19217413485296903,0.9512,10
none,KernelSHAP,0.06949171236990379,0.02959691755002968,0.11665815380189418,0.0,0.03125633071134641,0.027825013370601937,0.03479946741483315,1.056067094098962,0.9199336577629373,1.219835217955451,0.2682415354266919,-0.038235381658557374,-0.04167460834301812,-0.03448732979600265,0.0,0.96,10
none,LIME,0.055445325916348695,0.03040818338226004,0.06834079188006952,0.0,0.032893365290359515,0.029039390477121587,0.037070760683736124,1.0817274046548047,0.9468009847223302,1.2404331606245138,0.488394861271592,-0.022551960625989183,-0.026130141387580134,-0.018104323682830603,0.0,0.96,10
none,Saliency,0.0,0.025571565305118348,0.18050540691693423,0.0,0.02628086992950098,0.02337038232557896,0.029174029072657242,1.0277380213498568,0.8986008301628303,1.1751492935785177,0.14550767105961193,0.0007093046243826281,-0.00268194190721227,0.00430567448281205,0.20920963494361505,0.9512,10
none,SmoothGrad,0.015621374428201634,0.025651352448985244,0.17848998775509162,0.0,0.026359205851186417,0.023438956860398034,0.029262053061715077,1.0275951688554799,0.8982352292746978,1.1754259439687644,0.1475926665936322,0.0007078534022011768,-0.002698776659276007,0.004312417344322951,0.1894009270874946,0.9512,10
shortcut,EG,0.15321475894389355,0.15633876013264167,0.18503601103676662,0.3255779731216982,0.15879753555377762,0.15362794747102432,0.16463252464164846,1.0157272286095262,1.0089090420296012,1.022719654712859,0.8579702620440395,-0.32330207148744394,-0.3285474268591487,-0.3177660806023703,0.05459259828235631,0.8657999999999999,10
shortcut,Grad$\times$Input,0.0,0.023253398908369867,0.15332291894479216,0.3255779731216982,0.03650473700561184,0.034817017038036635,0.0384677968747191,1.5698667170962377,1.4121203333905799,1.76361222457382,0.23896030682135433,-0.3123266350244563,-0.31768566213922683,-0.3071407428264415,0.5665406243212922,0.8657999999999999,10
shortcut,IG,0.0,0.024691857744496976,0.105093167941353,0.3255779731216982,0.03858315102791917,0.0366375181964551,0.04078642389199086,1.5625859919964151,1.3870193046874821,1.775030028987554,0.36971090449105387,-0.311686679838276,-0.3171198476345761,-0.30638003859405105,0.6442904367924339,0.8657999999999999,10
shortcut,KernelSHAP,0.05559064462192285,0.026104884538032346,0.09887600766405441,0.3144490463484644,0.04150926648832871,0.039300524003612065,0.04399692622191595,1.5900957703089487,1.4255438879313216,1.8007302320349292,0.4204723959323545,-0.3285304244820585,-0.33537338180090637,-0.32194821898485626,0.0,0.8739999999999999,10
shortcut,LIME,0.03913562675288991,0.02404003266387395,0.05687228684931696,0.3144490463484644,0.04463101099383496,0.04157152777629311,0.04787653516306414,1.856528716822586,1.6755057372187545,2.0815580866378403,0.8061806668621188,-0.30895366210751934,-0.31582579723545917,-0.302536409003967,0.23053458169737237,0.8739999999999999,10
shortcut,Saliency,0.0,0.021634409034668678,0.14756624346396044,0.3255779731216982,0.03664379084218759,0.0351126999413289,0.03845673213834205,1.693773598505358,1.5426269166330175,1.8827847249489864,0.24930246903259734,-0.31056859131417935,-0.3159453704526442,-0.30532641609965305,0.889319207321701,0.8657999999999999,10
shortcut,SmoothGrad,0.011797642520514597,0.021679803963907816,0.14589709105049856,0.3255779731216982,0.03671616205171952,0.03516791965114253,0.03854571928503819,1.6935652237835725,1.5415365978323754,1.8837806812034994,0.25264454406744635,-0.31054161503388655,-0.3159123897125423,-0.30529804932117816,0.8818760269285052,0.8657999999999999,10
